Code,Nom,URL WIKI FR,URL IMG,URL VERIF,URL WIKi EN
Baudin201,Bernard-Germain de Lacépède,https://fr.wikipedia.org/wiki/Bernard-Germain_de_Lac%C3%A9p%C3%A8de,https://commons.wikimedia.org/wiki/Special:FilePath/Bernard_Germain_%C3%89tienne_de_la_Ville-sur-Illon%2C_Comte_de_Lac%C3%A9_Wellcome_V0003291.jpg,https://commons.wikimedia.org/wiki/File:Bernard_Germain_%C3%89tienne_de_la_Ville-sur-Illon%2C_Comte_de_Lac%C3%A9_Wellcome_V0003291.jpg,https://en.wikipedia.org/wiki/Bernard-Germain-de-Lac%C3%A9p%C3%A8de
Baudin202,Denis Decrès,https://fr.wikipedia.org/wiki/Denis_Decr%C3%A8s,https://commons.wikimedia.org/wiki/Special:FilePath/Decr%C3%A8s%20%28BM%201925%2C1214.35%29.jpg,https://commons.wikimedia.org/wiki/File:Decr%C3%A8s%20%28BM%201925%2C1214.35%29.jpg,https://en.wikipedia.org/wiki/Denis_Decr%C3%A8s
Baudin203,Jacques-Noël Sané,https://fr.wikipedia.org/wiki/Jacques-No%C3%ABl_San%C3%A9,https://commons.wikimedia.org/wiki/Special:FilePath/Jacques-No%C3%ABl%20San%C3%A9.jpg,https://commons.wikimedia.org/wiki/File:Jacques-No%C3%ABl%20San%C3%A9.jpg,https://en.wikipedia.org/wiki/Jacques-No%C3%ABl_San%C3%A9
Baudin204,Roland-Michel Barrin de La Galissonière,https://fr.wikipedia.org/wiki/Roland-Michel_Barrin_de_La_Galissoni%C3%A8re,https://commons.wikimedia.org/wiki/Special:FilePath/Barrin_marquis_de_La_Galissoni%C3%A8re_Roland-Michel_%281693-1756%29_Benjamin_Soulte_%281841-1923%29.jpg,https://commons.wikimedia.org/wiki/File:Barrin_marquis_de_La_Galissoni%C3%A8re_Roland-Michel_%281693-1756%29_Benjamin_Soulte_%281841-1923%29.jpg,https://en.wikipedia.org/wiki/Roland-Michel_Barrin_de_La_Galissoni%C3%A8re
Baudin205,Louis Guillouet d'Orvilliers,https://fr.wikipedia.org/wiki/Louis_Guillouet_d%27Orvilliers,https://commons.wikimedia.org/wiki/Special:FilePath/Admiral_D%27Orvilliers%2C_by_Charles_Andr%C3%A9_van_Loo.jpg,https://commons.wikimedia.org/wiki/File:Admiral_D%27Orvilliers%2C_by_Charles_Andr%C3%A9_van_Loo.jpg,"https://en.wikipedia.org/wiki/Louis_Guillouet,_comte_d%27Orvilliers"
Baudin206,René Duguay-Trouin,https://fr.wikipedia.org/wiki/Ren%C3%A9_Duguay-Trouin,https://commons.wikimedia.org/wiki/Special:FilePath/Ren%C3%A9%20Duguay-Trouin.jpg,https://commons.wikimedia.org/wiki/File:Ren%C3%A9%20Duguay-Trouin.jpg,https://en.wikipedia.org/wiki/Ren%C3%A9_Duguay-Trouin
Baudin207,,,https://commons.wikimedia.org/wiki/Special:FilePath/R%C3%BCmelin_40_J%C3%A9r%C3%B4me_Napol%C3%A9on.jpg,https://commons.wikimedia.org/wiki/File:R%C3%BCmelin_40_J%C3%A9r%C3%B4me_Napol%C3%A9on.jpg,
Baudin208,Jean-Baptiste Joseph Delambre,https://fr.wikipedia.org/wiki/Jean-Baptiste_Joseph_Delambre,https://commons.wikimedia.org/wiki/Special:FilePath/Jean_Babtiste_Joseph_Delambre_AGE_V01_1798.jpg,https://commons.wikimedia.org/wiki/File:Jean_Babtiste_Joseph_Delambre_AGE_V01_1798.jpg,https://en.wikipedia.org/wiki/Jean-Baptiste_Joseph_Delambre
Baudin209,Louis-Antoine de Bougainville,https://fr.wikipedia.org/wiki/Louis-Antoine_de_Bougainville,https://commons.wikimedia.org/wiki/Special:FilePath/Bougainville-antoine_maurin.png,https://commons.wikimedia.org/wiki/File:Bougainville-antoine_maurin.png,https://en.wikipedia.org/wiki/Louis_Antoine_de_Bougainville
Baudin210,Anne Antoine d'Aché,https://fr.wikipedia.org/wiki/Anne_Antoine_d%27Ach%C3%A9,,,"https://en.wikipedia.org/wiki/Anne_Antoine,_Comte_d%27Ach%C3%A9"
Baudin211,,,https://commons.wikimedia.org/wiki/Special:FilePath/RP-P-1907-1549.jpg,https://commons.wikimedia.org/wiki/File:RP-P-1907-1549.jpg,
Baudin212,,,https://commons.wikimedia.org/wiki/Special:FilePath/Boilly%2C%20Julien-L%C3%A9opold%20%28Lithographe%29%20Auguste%20de%20Forbin.jpg,https://commons.wikimedia.org/wiki/File:Boilly%2C%20Julien-L%C3%A9opold%20%28Lithographe%29%20Auguste%20de%20Forbin.jpg,
Baudin213,,,https://commons.wikimedia.org/wiki/Special:FilePath/Jean-Charles_Borda_mesurant_le_Pic_de_T%C3%A9n%C3%A9riffe.jpg,https://commons.wikimedia.org/wiki/File:Jean-Charles_Borda_mesurant_le_Pic_de_T%C3%A9n%C3%A9riffe.jpg,
Baudin214,,,https://commons.wikimedia.org/wiki/Special:FilePath/R%C3%BCmelin_40_J%C3%A9r%C3%B4me_Napol%C3%A9on.jpg,https://commons.wikimedia.org/wiki/File:R%C3%BCmelin_40_J%C3%A9r%C3%B4me_Napol%C3%A9on.jpg,
Baudin215,,,https://commons.wikimedia.org/wiki/Special:FilePath/Charles_Louis_Du_Cou%C3%A9dic_de_Kergoaler.jpg,https://commons.wikimedia.org/wiki/File:Charles_Louis_Du_Cou%C3%A9dic_de_Kergoaler.jpg,
Baudin216,Colonne Vendôme,https://fr.wikipedia.org/wiki/Colonne_Vend%C3%B4me,https://commons.wikimedia.org/wiki/Special:FilePath/Pierre_Bouguer_-_Jean-Baptiste_Perronneau.jpg,https://commons.wikimedia.org/wiki/File:Pierre_Bouguer_-_Jean-Baptiste_Perronneau.jpg,https://en.wikipedia.org/wiki/Vend%C3%B4me_Column
Baudin217,Charles Henri d'Estaing,https://fr.wikipedia.org/wiki/Charles_Henri_d%27Estaing,https://commons.wikimedia.org/wiki/Special:FilePath/Armand_de_Kersaint.jpg,https://commons.wikimedia.org/wiki/File:Armand_de_Kersaint.jpg,"https://en.wikipedia.org/wiki/Charles_Hector,_comte_d%27Estaing"
Baudin218,Carte de Cassini,https://fr.wikipedia.org/wiki/Carte_de_Cassini,https://commons.wikimedia.org/wiki/Special:FilePath/Key_for_Carte_de_Cassini.jpg,https://commons.wikimedia.org/wiki/File:Key_for_Carte_de_Cassini.jpg,https://en.wikipedia.org/wiki/Cassini_Map
Baudin219,Gaspard de Prony,https://fr.wikipedia.org/wiki/Gaspard_de_Prony,https://commons.wikimedia.org/wiki/Special:FilePath/Bertrand%20Fran%C3%A7ois%20Mah%C3%A9%20de%20La%20Bourdonnais.jpg,https://commons.wikimedia.org/wiki/File:Bertrand%20Fran%C3%A7ois%20Mah%C3%A9%20de%20La%20Bourdonnais.jpg,https://en.wikipedia.org/wiki/Gaspard_de_Prony
Baudin220,Auguste de Forbin,https://fr.wikipedia.org/wiki/Auguste_de_Forbin,https://commons.wikimedia.org/wiki/Special:FilePath/Charles-Alexandre_L%C3%A9on_Durand_Linois-Antoine_Maurin.png,https://commons.wikimedia.org/wiki/File:Charles-Alexandre_L%C3%A9on_Durand_Linois-Antoine_Maurin.png,https://en.wikipedia.org/wiki/Auguste_de_Forbin
Baudin221,Jean-Charles de Borda,https://fr.wikipedia.org/wiki/Jean-Charles_de_Borda,https://commons.wikimedia.org/wiki/Special:FilePath/%C3%8Ele_d%27Or._Cassini._1778-1780.jpg,https://commons.wikimedia.org/wiki/File:%C3%8Ele_d%27Or._Cassini._1778-1780.jpg,https://en.wikipedia.org/wiki/Jean-Charles_de_Borda
Baudin222,,,https://commons.wikimedia.org/wiki/Special:FilePath/R%C3%BCmelin_40_J%C3%A9r%C3%B4me_Napol%C3%A9on.jpg,https://commons.wikimedia.org/wiki/File:R%C3%BCmelin_40_J%C3%A9r%C3%B4me_Napol%C3%A9on.jpg,
Baudin223,Jacques Bedout,https://fr.wikipedia.org/wiki/Jacques_Bedout,https://commons.wikimedia.org/wiki/Special:FilePath/Michel_Bouquet_1861c_Le_V%C3%A9t%C3%A9ran_entrant_%C3%A0_Concarneau.jpg,https://commons.wikimedia.org/wiki/File:Michel_Bouquet_1861c_Le_V%C3%A9t%C3%A9ran_entrant_%C3%A0_Concarneau.jpg,https://en.wikipedia.org/wiki/Jacques_Bedout
Baudin224,Pierre Louis Moreau de Maupertuis,https://fr.wikipedia.org/wiki/Pierre_Louis_Moreau_de_Maupertuis,https://commons.wikimedia.org/wiki/Special:FilePath/Pierre_Louis_Moreau_de_Maupertuis._Line_engraving_by_J._Daul_Wellcome_V0006560.jpg,https://commons.wikimedia.org/wiki/File:Pierre_Louis_Moreau_de_Maupertuis._Line_engraving_by_J._Daul_Wellcome_V0006560.jpg,https://en.wikipedia.org/wiki/Pierre_Louis_Maupertuis
Baudin225,,,https://commons.wikimedia.org/wiki/Special:FilePath/R%C3%BCmelin_40_J%C3%A9r%C3%B4me_Napol%C3%A9on.jpg,https://commons.wikimedia.org/wiki/File:R%C3%BCmelin_40_J%C3%A9r%C3%B4me_Napol%C3%A9on.jpg,
Baudin226,Charles Louis du Couëdic,https://fr.wikipedia.org/wiki/Charles_Louis_du_Cou%C3%ABdic,https://commons.wikimedia.org/wiki/Special:FilePath/SULTE%281882%29_3.041_Chevalier_LI%C3%89NARD_DE_BEAUJEU.jpg,https://commons.wikimedia.org/wiki/File:SULTE%281882%29_3.041_Chevalier_LI%C3%89NARD_DE_BEAUJEU.jpg,https://en.wikipedia.org/wiki/Charles_Louis_du_Cou%C3%ABdic_de_Kergoualer
Baudin227,Pierre Bouguer,https://fr.wikipedia.org/wiki/Pierre_Bouguer,https://commons.wikimedia.org/wiki/Special:FilePath/Pierre_Bouguer_-_Jean-Baptiste_Perronneau.jpg,https://commons.wikimedia.org/wiki/File:Pierre_Bouguer_-_Jean-Baptiste_Perronneau.jpg,https://en.wikipedia.org/wiki/Pierre_Bouguer
Baudin228,Armand-Guy-Simon de Coëtnempren de Kersaint,https://fr.wikipedia.org/wiki/Armand-Guy-Simon_de_Co%C3%ABtnempren_de_Kersaint,https://commons.wikimedia.org/wiki/Special:FilePath/Armand_de_Kersaint.jpg,https://commons.wikimedia.org/wiki/File:Armand_de_Kersaint.jpg,https://en.wikipedia.org/wiki/Armand_de_Kersaint
Baudin229,Louis Victor de Rochechouart de Mortemart,https://fr.wikipedia.org/wiki/Louis_Victor_de_Rochechouart_de_Mortemart,"https://commons.wikimedia.org/wiki/Special:FilePath/1780_engraving_of_the_""Maréchal_de_Vivonne""_(Louis_Victor_de_Rochechouart,_Duke_of_Vivonne).jpg","https://commons.wikimedia.org/wiki/File:1780_engraving_of_the_""Maréchal_de_Vivonne""_(Louis_Victor_de_Rochechouart,_Duke_of_Vivonne).jpg","https://en.wikipedia.org/wiki/Louis_Victor_de_Rochechouart,_Duc_de_Mortemart"
Baudin230,Honoré Joseph Antoine Ganteaume,https://fr.wikipedia.org/wiki/Honor%C3%A9_Joseph_Antoine_Ganteaume,https://commons.wikimedia.org/wiki/Special:FilePath/Honore_de_ganteaume-antoine_maurin.png,https://commons.wikimedia.org/wiki/File:Honore_de_ganteaume-antoine_maurin.png,https://en.wikipedia.org/wiki/Honor%C3%A9_Ganteaume
Baudin231,Charles-Alexandre Léon Durand de Linois,https://fr.wikipedia.org/wiki/Charles-Alexandre_L%C3%A9on_Durand_de_Linois,https://commons.wikimedia.org/wiki/Special:FilePath/Linois-Antoine_Maurin-3.png,https://commons.wikimedia.org/wiki/File:Linois-Antoine_Maurin-3.png,"https://en.wikipedia.org/wiki/Charles-Alexandre_L%C3%A9on_Durand,_Comte_de_Linois"
Baudin232,Jean II d'Estrées,https://fr.wikipedia.org/wiki/Jean_II_d%27Estr%C3%A9es,https://commons.wikimedia.org/wiki/Special:FilePath/Franque_-_Jean_II_d'Estrées_-_MV_8246E.png,https://commons.wikimedia.org/wiki/File:Franque_-_Jean_II_d'Estrées_-_MV_8246E.png,https://en.wikipedia.org/wiki/Jean_II_d%27Estr%C3%A9es
Baudin233,Vétéran (1803),https://fr.wikipedia.org/wiki/V%C3%A9t%C3%A9ran_(1803),https://commons.wikimedia.org/wiki/Special:FilePath/Michel_Bouquet_1861c_Le_Vétéran_entrant_à_Concarneau.jpg,https://commons.wikimedia.org/wiki/File:Michel_Bouquet_1861c_Le_Vétéran_entrant_à_Concarneau.jpg,https://en.wikipedia.org/wiki/French_ship_V%C3%A9t%C3%A9ran_(1803)
Baudin234,Jérôme Bonaparte,https://fr.wikipedia.org/wiki/J%C3%A9r%C3%B4me_Bonaparte,https://commons.wikimedia.org/wiki/Special:FilePath/Rümelin_40_Jérôme_Napoléon.jpg,https://commons.wikimedia.org/wiki/File:Rümelin_40_Jérôme_Napoléon.jpg,https://en.wikipedia.org/wiki/J%C3%A9r%C3%B4me_Bonaparte
Baudin235,Vétéran (1803),https://fr.wikipedia.org/wiki/V%C3%A9t%C3%A9ran_(1803),https://commons.wikimedia.org/wiki/Special:FilePath/Michel_Bouquet_1861c_Le_Vétéran_entrant_à_Concarneau.jpg,https://commons.wikimedia.org/wiki/File:Michel_Bouquet_1861c_Le_Vétéran_entrant_à_Concarneau.jpg,https://en.wikipedia.org/wiki/French_ship_V%C3%A9t%C3%A9ran_(1803)
Baudin236,Pierre-Simon-Barthélemy-Charles de Meyronnet,https://fr.wikipedia.org/wiki/Pierre-Simon-Barth%C3%A9lemy-Charles_de_Meyronnet,,,
Baudin237,Antoine-François Andréossy,https://fr.wikipedia.org/wiki/Antoine-Fran%C3%A7ois_Andr%C3%A9ossy,https://commons.wikimedia.org/wiki/Special:FilePath/Van_Bree_-_Antoine_François_Andréossy.jpg,https://commons.wikimedia.org/wiki/File:Van_Bree_-_Antoine_François_Andréossy.jpg,"https://en.wikipedia.org/wiki/Antoine_Fran%C3%A7ois,_comte_d%27Andr%C3%A9ossy"
Baudin238,Joseph-Antoine Morio de Marienborn,https://fr.wikipedia.org/wiki/Joseph-Antoine_Morio_de_Marienborn,https://commons.wikimedia.org/wiki/Special:FilePath/Morio_(Joseph-Antoine).jpg,https://commons.wikimedia.org/wiki/File:Morio_(Joseph-Antoine).jpg,https://en.wikipedia.org/wiki/Joseph-Antoine_Morio_de_Marienborn
Baudin239,Catherine de Wurtemberg,https://fr.wikipedia.org/wiki/Catherine_de_Wurtemberg,,,https://en.wikipedia.org/wiki/Catharina_of_W%C3%BCrttemberg
Baudin240,Pierre-Alexandre Le Camus,https://fr.wikipedia.org/wiki/Pierre-Alexandre_Le_Camus,,,https://en.wikipedia.org/wiki/Pierre-Alexandre_Le_Camus
Baudin241,José Correia da Serra,https://fr.wikipedia.org/wiki/Jos%C3%A9_Correia_da_Serra,,,https://en.wikipedia.org/wiki/Jos%C3%A9_Correia_da_Serra
Baudin242,Gabriel Poissonnier Desperrières,https://fr.wikipedia.org/wiki/Gabriel_Poissonnier_Desperri%C3%A8res,,,
Baudin243,Pierre-François Percy,https://fr.wikipedia.org/wiki/Pierre-Fran%C3%A7ois_Percy,,,https://en.wikipedia.org/wiki/Pierre-Fran%C3%A7ois_Percy
Baudin244,Jean-Noël Hallé,https://fr.wikipedia.org/wiki/Jean-No%C3%ABl_Hall%C3%A9,"https://commons.wikimedia.org/wiki/Special:FilePath/Portret_van_Jean_Noël_Hallé_Hallé_(titel_op_object),_RP-P-1911-1429.jpg","https://commons.wikimedia.org/wiki/File:Portret_van_Jean_Noël_Hallé_Hallé_(titel_op_object),_RP-P-1911-1429.jpg",https://en.wikipedia.org/wiki/Jean-No%C3%ABl_Hall%C3%A9
Baudin245,Anicet Charles Gabriel Lemonnier,https://fr.wikipedia.org/wiki/Anicet_Charles_Gabriel_Lemonnier,,,https://en.wikipedia.org/wiki/Anicet_Charles_Gabriel_Lemonnier
Baudin246,Jean Fernel,https://fr.wikipedia.org/wiki/Jean_Fernel,https://commons.wikimedia.org/wiki/Special:FilePath/Jean_Fernel._Woodcut._Wellcome_V0002111.jpg,https://commons.wikimedia.org/wiki/File:Jean_Fernel._Woodcut._Wellcome_V0002111.jpg,https://en.wikipedia.org/wiki/Jean_Fernel
Baudin247,Jean-Nicolas Corvisart,https://fr.wikipedia.org/wiki/Jean-Nicolas_Corvisart,https://commons.wikimedia.org/wiki/Special:FilePath/Jean_Nicolas_Corvisart_des_Marets._Oil_portrait_by_François-Pascal-Simon_Gérard._Wellcome_V0002160EP.jpg,https://commons.wikimedia.org/wiki/File:Jean_Nicolas_Corvisart_des_Marets._Oil_portrait_by_François-Pascal-Simon_Gérard._Wellcome_V0002160EP.jpg,https://en.wikipedia.org/wiki/Jean-Nicolas_Corvisart
Baudin248,Ambroise Paré,https://fr.wikipedia.org/wiki/Ambroise_Par%C3%A9,https://commons.wikimedia.org/wiki/Special:FilePath/Portrait_of_Ambroise_Paré.jpg,https://commons.wikimedia.org/wiki/File:Portrait_of_Ambroise_Paré.jpg,https://en.wikipedia.org/wiki/Ambroise_Par%C3%A9
Baudin249,Georges Cuvier,https://fr.wikipedia.org/wiki/Georges_Cuvier,https://commons.wikimedia.org/wiki/Special:FilePath/Georges_Cuvier_large.jpg,https://commons.wikimedia.org/wiki/File:Georges_Cuvier_large.jpg,https://en.wikipedia.org/wiki/Georges_Cuvier
Baudin250,,,https://commons.wikimedia.org/wiki/Special:FilePath/Édouard_Thomas_de_Burgues_de_Missiessy_-_Antoine_Maurin.png,https://commons.wikimedia.org/wiki/File:Édouard_Thomas_de_Burgues_de_Missiessy_-_Antoine_Maurin.png,
Baudin251,Antoine Lavoisier,https://fr.wikipedia.org/wiki/Antoine_Lavoisier,https://commons.wikimedia.org/wiki/Special:FilePath/Antoine_Laurent_Lavoisier_Massé_1822.jpg,https://commons.wikimedia.org/wiki/File:Antoine_Laurent_Lavoisier_Massé_1822.jpg,https://en.wikipedia.org/wiki/Antoine_Lavoisier
Baudin252,Édouard Thomas de Burgues de Missiessy,https://fr.wikipedia.org/wiki/%C3%89douard_Thomas_de_Burgues_de_Missiessy,https://commons.wikimedia.org/wiki/Special:FilePath/François-Paul_Brueys_d'Aigalliers_(LOVE).jpg,https://commons.wikimedia.org/wiki/File:François-Paul_Brueys_d'Aigalliers_(LOVE).jpg,"https://en.wikipedia.org/wiki/%C3%89douard_Thomas_Burgues,_comte_de_Missiessy"
Baudin253,Louis-René-Madeleine de Latouche-Tréville,https://fr.wikipedia.org/wiki/Louis-Ren%C3%A9-Madeleine_de_Latouche-Tr%C3%A9ville,https://commons.wikimedia.org/wiki/Special:FilePath/Marechal_François-Joseph_Lefebvre.jpg,https://commons.wikimedia.org/wiki/File:Marechal_François-Joseph_Lefebvre.jpg,https://en.wikipedia.org/wiki/Louis-Ren%C3%A9_de_Latouche-Tr%C3%A9ville
Baudin254,François-Joseph de Gratet,https://fr.wikipedia.org/wiki/Fran%C3%A7ois-Joseph_de_Gratet,https://commons.wikimedia.org/wiki/Special:FilePath/Pierre-Charles_Coqueret_-_Masséna.jpg,https://commons.wikimedia.org/wiki/File:Pierre-Charles_Coqueret_-_Masséna.jpg,"https://en.wikipedia.org/wiki/Fran%C3%A7ois-Joseph_de_Gratet,_vicomte_du_Bouchage"
Baudin255,Jean Bart,https://fr.wikipedia.org/wiki/Jean_Bart,"https://commons.wikimedia.org/wiki/Special:FilePath/Charles_Oudinot,_duc_de_Reggio,_né_le_25_avril_1765_à_Bar_sur_Ornain.jpg","https://commons.wikimedia.org/wiki/File:Charles_Oudinot,_duc_de_Reggio,_né_le_25_avril_1765_à_Bar_sur_Ornain.jpg",https://en.wikipedia.org/wiki/Jean_Bart
Baudin256,Armand-Emmanuel de Vignerot du Plessis de Richelieu,https://fr.wikipedia.org/wiki/Armand-Emmanuel_de_Vignerot_du_Plessis_de_Richelieu,https://commons.wikimedia.org/wiki/Special:FilePath/Lazare_Hoche.jpg,https://commons.wikimedia.org/wiki/File:Lazare_Hoche.jpg,"https://en.wikipedia.org/wiki/Armand-Emmanuel_de_Vignerot_du_Plessis,_Duke_of_Richelieu"
Baudin257,Henri de La Tour d'Auvergne (vicomte de Turenne),https://fr.wikipedia.org/wiki/Henri_de_La_Tour_d%27Auvergne_(vicomte_de_Turenne),https://commons.wikimedia.org/wiki/Special:FilePath/Portrait_of_Michel_Ney_(4670226).jpg,https://commons.wikimedia.org/wiki/File:Portrait_of_Michel_Ney_(4670226).jpg,"https://en.wikipedia.org/wiki/Henri_de_La_Tour_d%27Auvergne,_Vicomte_de_Turenne"
Baudin258,,,https://commons.wikimedia.org/wiki/Special:FilePath/R%C3%BCmelin_40_J%C3%A9r%C3%B4me_Napol%C3%A9on.jpg,https://commons.wikimedia.org/wiki/File:R%C3%BCmelin_40_J%C3%A9r%C3%B4me_Napol%C3%A9on.jpg,
Baudin259,Jean II d'Estrées,https://fr.wikipedia.org/wiki/Jean_II_d%27Estr%C3%A9es,,,https://en.wikipedia.org/wiki/Jean_II_d%27Estr%C3%A9es
Baudin260,Denis Decrès,https://fr.wikipedia.org/wiki/Denis_Decr%C3%A8s,"https://commons.wikimedia.org/wiki/Special:FilePath/Suchet,_PA02186.jpg","https://commons.wikimedia.org/wiki/File:Suchet,_PA02186.jpg",https://en.wikipedia.org/wiki/Denis_Decr%C3%A8s
Baudin261,Louis Victor de Rochechouart de Mortemart,https://fr.wikipedia.org/wiki/Louis_Victor_de_Rochechouart_de_Mortemart,,,"https://en.wikipedia.org/wiki/Louis_Victor_de_Rochechouart,_Duc_de_Mortemart"
Baudin262,Pierre André de Suffren,https://fr.wikipedia.org/wiki/Pierre_Andr%C3%A9_de_Suffren,,,https://en.wikipedia.org/wiki/Pierre_Andr%C3%A9_de_Suffren
Baudin263,Antoine-Jean-Marie Thévenard,https://fr.wikipedia.org/wiki/Antoine-Jean-Marie_Th%C3%A9venard,,,https://en.wikipedia.org/wiki/Antoine-Jean-Marie_Th%C3%A9venard
Baudin264,Joachim Murat,https://fr.wikipedia.org/wiki/Joachim_Murat,,,https://en.wikipedia.org/wiki/Joachim_Murat
Baudin265,Eugène de Beauharnais,https://fr.wikipedia.org/wiki/Eug%C3%A8ne_de_Beauharnais,"https://commons.wikimedia.org/wiki/Special:FilePath/Gaspard_Monge,_Comte_de_Peluse._Line_engraving_by_Tavernier._Wellcome_V0004062.jpg","https://commons.wikimedia.org/wiki/File:Gaspard_Monge,_Comte_de_Peluse._Line_engraving_by_Tavernier._Wellcome_V0004062.jpg",https://en.wikipedia.org/wiki/Eug%C3%A8ne_de_Beauharnais
Baudin266,Joséphine de Beauharnais,https://fr.wikipedia.org/wiki/Jos%C3%A9phine_de_Beauharnais,,,https://en.wikipedia.org/wiki/Jos%C3%A9phine_de_Beauharnais
Baudin267,Élisa Bonaparte,https://fr.wikipedia.org/wiki/%C3%89lisa_Bonaparte,,,https://en.wikipedia.org/wiki/%C3%89lisa_Bonaparte
Baudin268,Julie Clary,https://fr.wikipedia.org/wiki/Julie_Clary,,,https://en.wikipedia.org/wiki/Julie_Clary
Baudin269,Pauline Bonaparte,https://fr.wikipedia.org/wiki/Pauline_Bonaparte,https://commons.wikimedia.org/wiki/Special:FilePath/Napoleon_Joseph_Charles_1865a.jpg,https://commons.wikimedia.org/wiki/File:Napoleon_Joseph_Charles_1865a.jpg,https://en.wikipedia.org/wiki/Pauline_Bonaparte
Baudin270,Hortense de Beauharnais,https://fr.wikipedia.org/wiki/Hortense_de_Beauharnais,https://commons.wikimedia.org/wiki/Special:FilePath/Portrait_de_Louis-Napoléon_Bonaparte_en_Prince-Président_MET_DP150964.jpg,https://commons.wikimedia.org/wiki/File:Portrait_de_Louis-Napoléon_Bonaparte_en_Prince-Président_MET_DP150964.jpg,https://en.wikipedia.org/wiki/Hortense_de_Beauharnais
Baudin271,Caroline Bonaparte,https://fr.wikipedia.org/wiki/Caroline_Bonaparte,https://commons.wikimedia.org/wiki/Special:FilePath/Joseph_Bonaparte.jpg,https://commons.wikimedia.org/wiki/File:Joseph_Bonaparte.jpg,https://en.wikipedia.org/wiki/Caroline_Bonaparte
Baudin272,Jérôme Bonaparte,https://fr.wikipedia.org/wiki/J%C3%A9r%C3%B4me_Bonaparte,"https://commons.wikimedia.org/wiki/Special:FilePath/AduC_253_Bonaparte_(Lucien,_1775-1840).JPG","https://commons.wikimedia.org/wiki/File:AduC_253_Bonaparte_(Lucien,_1775-1840).JPG",https://en.wikipedia.org/wiki/J%C3%A9r%C3%B4me_Bonaparte
Baudin273,Anne-Marie de Beaufort d'Hautpoul,https://fr.wikipedia.org/wiki/Anne-Marie_de_Beaufort_d%27Hautpoul,,,https://en.wikipedia.org/wiki/H%C3%A9l%C3%A8ne_de_Montgeroult
Baudin274,Anne Hilarion de Costentin de Tourville,https://fr.wikipedia.org/wiki/Anne_Hilarion_de_Costentin_de_Tourville,,,https://en.wikipedia.org/wiki/Anne_Hilarion_de_Tourville
Baudin275,René Duguay-Trouin,https://fr.wikipedia.org/wiki/Ren%C3%A9_Duguay-Trouin,https://commons.wikimedia.org/wiki/Special:FilePath/Ren%C3%A9%20Duguay-Trouin.jpg,https://commons.wikimedia.org/wiki/File:Ren%C3%A9%20Duguay-Trouin.jpg,https://en.wikipedia.org/wiki/Ren%C3%A9_Duguay-Trouin
Baudin276,Abraham Duquesne,https://fr.wikipedia.org/wiki/Abraham_Duquesne,,,https://en.wikipedia.org/wiki/Abraham_Duquesne
Baudin277,,,https://commons.wikimedia.org/wiki/Special:FilePath/R%C3%BCmelin_40_J%C3%A9r%C3%B4me_Napol%C3%A9on.jpg,https://commons.wikimedia.org/wiki/File:R%C3%BCmelin_40_J%C3%A9r%C3%B4me_Napol%C3%A9on.jpg,
Baudin278,Jean-Denis Barbié du Bocage,https://fr.wikipedia.org/wiki/Jean-Denis_Barbi%C3%A9_du_Bocage,,,https://en.wikipedia.org/wiki/Jean-Denis_Barbi%C3%A9_du_Bocage
Baudin279,Louis-Mathieu Langlès,https://fr.wikipedia.org/wiki/Louis-Mathieu_Langl%C3%A8s,,,https://en.wikipedia.org/wiki/Louis-Mathieu_Langl%C3%A8s
Baudin280,Pascal-François-Joseph Gossellin,https://fr.wikipedia.org/wiki/Pascal-Fran%C3%A7ois-Joseph_Gossellin,,,https://fr.wikipedia.org/wiki/Pascal-Fran%C3%A7ois-Joseph_Gossellin
Baudin281,François Étienne de Rosily-Mesros,https://fr.wikipedia.org/wiki/Fran%C3%A7ois_%C3%89tienne_de_Rosily-Mesros,,,https://en.wikipedia.org/wiki/Fran%C3%A7ois_%C3%89tienne_de_Rosily-Mesros
Baudin282,Louis Marie Maximilien de Caffarelli du Falga,https://fr.wikipedia.org/wiki/Louis_Marie_Maximilien_de_Caffarelli_du_Falga,,,https://en.wikipedia.org/wiki/Louis-Marie-Joseph_Maximilian_Caffarelli_du_Falga
Baudin283,Léonard Motard,https://fr.wikipedia.org/wiki/L%C3%A9onard_Motard,,,https://fr.wikipedia.org/wiki/L%C3%A9onard_Motard
Baudin284,Pierre-Victor Malouet,https://fr.wikipedia.org/wiki/Pierre-Victor_Malouet,,,"https://en.wikipedia.org/wiki/Pierre_Victor,_baron_Malouet"
Baudin285,Marie-Gabriel-Florent-Auguste de Choiseul-Gouffier,https://fr.wikipedia.org/wiki/Marie-Gabriel-Florent-Auguste_de_Choiseul-Gouffier,,,https://en.wikipedia.org/wiki/Marie-Gabriel-Florent-Auguste_de_Choiseul-Gouffier
Baudin286,Charles Coquebert de Montbret,https://fr.wikipedia.org/wiki/Charles_Coquebert_de_Montbret,,,https://fr.wikipedia.org/wiki/Charles_Coquebert_de_Montbret
Baudin287,,,https://commons.wikimedia.org/wiki/Special:FilePath/R%C3%BCmelin_40_J%C3%A9r%C3%B4me_Napol%C3%A9on.jpg,https://commons.wikimedia.org/wiki/File:R%C3%BCmelin_40_J%C3%A9r%C3%B4me_Napol%C3%A9on.jpg,
Baudin288,Pierre Paul Rubens,https://fr.wikipedia.org/wiki/Pierre_Paul_Rubens,,,https://en.wikipedia.org/wiki/Peter_Paul_Rubens
Baudin289,Joseph Vernet,https://fr.wikipedia.org/wiki/Joseph_Vernet,,,https://en.wikipedia.org/wiki/Claude-Joseph_Vernet
Baudin290,Joseph-Marie Vien,https://fr.wikipedia.org/wiki/Joseph-Marie_Vien,,,https://en.wikipedia.org/wiki/Joseph-Marie_Vien
Baudin291,François Gérard,https://fr.wikipedia.org/wiki/Fran%C3%A7ois_G%C3%A9rard,,,https://en.wikipedia.org/wiki/Fran%C3%A7ois_G%C3%A9rard
Baudin292,Nicolas Poussin,https://fr.wikipedia.org/wiki/Nicolas_Poussin,,,https://en.wikipedia.org/wiki/Nicolas_Poussin
Baudin293,Jean-Baptiste-Pierre Le Brun,https://fr.wikipedia.org/wiki/Jean-Baptiste-Pierre_Le_Brun,,,https://en.wikipedia.org/wiki/Jean-Baptiste-Pierre_Le_Brun
Baudin294,Gérard van Spaendonck,https://fr.wikipedia.org/wiki/G%C3%A9rard_van_Spaendonck,,,https://en.wikipedia.org/wiki/Gerard_van_Spaendonck
Baudin295,Jacques-Louis David,https://fr.wikipedia.org/wiki/Jacques-Louis_David,,,https://en.wikipedia.org/wiki/Jacques-Louis_David
Baudin296,Dominique Vivant Denon,https://fr.wikipedia.org/wiki/Dominique_Vivant_Denon,,,https://en.wikipedia.org/wiki/Vivant_Denon
Baudin297,François Mansart,https://fr.wikipedia.org/wiki/Fran%C3%A7ois_Mansart,,,https://en.wikipedia.org/wiki/Fran%C3%A7ois_Mansart
Baudin298,Jacques-Germain Soufflot,https://fr.wikipedia.org/wiki/Jacques-Germain_Soufflot,,,https://en.wikipedia.org/wiki/Jacques-Germain_Soufflot
Baudin299,Jacques de Vaucanson,https://fr.wikipedia.org/wiki/Jacques_de_Vaucanson,,,https://en.wikipedia.org/wiki/Jacques_de_Vaucanson
Baudin300,Bertrand-François Mahé de La Bourdonnais,https://fr.wikipedia.org/wiki/Bertrand-Fran%C3%A7ois_Mah%C3%A9_de_La_Bourdonnais,,,https://en.wikipedia.org/wiki/Bertrand-Fran%C3%A7ois_Mah%C3%A9_de_La_Bourdonnais
